director_name,actor_1_name,actor_2_name,actor_3_name,genres,movie_title,imdb_score,comb
adam robitel,lin shaye,angus sampson,leigh whannell,horror thriller,insidious: the last key,,lin shaye angus sampson leigh whannell adam robitel horror thriller
christopher radcliff (director/screenplay); lauren wolkstein,lauren wolkstein (director); alex pettyfer,james freedson-jackson,emily althaus,thriller drama,the strange ones,,lauren wolkstein (director); alex pettyfer james freedson-jackson emily althaus christopher radcliff (director/screenplay); lauren wolkstein thriller drama
jaume collet-serra,liam neeson,vera farmiga,patrick wilson,action thriller mystery,the commuter,,liam neeson vera farmiga patrick wilson jaume collet-serra action thriller mystery
babak najafi,taraji p. henson,jahi di'allo winston,billy brown,thriller action crime,proud mary,,taraji p. henson jahi di'allo winston billy brown babak najafi thriller action crime
brett donowho,bruce willis,cole hauser,shawn ashmore,action crime thriller,acts of violence,,bruce willis cole hauser shawn ashmore brett donowho action crime thriller
trudie styler,alex lawther,abigail breslin,annasophia robb,comedy drama,freak show,,alex lawther abigail breslin annasophia robb trudie styler comedy drama
sam hoffman,jemaine clement,elliott gould,ingrid michaelson,documentary,humor me,,jemaine clement elliott gould ingrid michaelson sam hoffman documentary
nicolai fuglsig,chris hemsworth,michael shannon,michael peña,war drama action history,12 strong,,chris hemsworth michael shannon michael peña nicolai fuglsig war drama action history
christian gudegast,gerard butler,pablo schreiber,o'shea jackson jr.,action crime thriller drama,den of thieves,,gerard butler pablo schreiber o'shea jackson jr. christian gudegast action crime thriller drama
bethany ashton wolf,alex roe,jessica rothe,john benjamin hickey,romance drama,forever my girl,,alex roe jessica rothe john benjamin hickey bethany ashton wolf romance drama
jesse keller,carr cavender,molly beucher,connor sullivan,drama thriller,thane of east county,,carr cavender molly beucher connor sullivan jesse keller drama thriller
wes ball,dylan o'brien,kaya scodelario,thomas brodie-sangster,science fiction action adventure thriller,maze runner: the death cure,,dylan o'brien kaya scodelario thomas brodie-sangster wes ball science fiction action adventure thriller
ben lewin,dakota fanning,toni collette,alice eve,comedy drama,please stand by,,dakota fanning toni collette alice eve ben lewin comedy drama
the spierig brothers,helen mirren,jason clarke,sarah snook,horror thriller,winchester,,helen mirren jason clarke sarah snook the spierig brothers horror thriller
mario van peebles,mario van peebles,ryan guzman,columbus short,action thriller,armed,,mario van peebles ryan guzman columbus short mario van peebles action thriller
julius onah,gugu mbatha-raw,elizabeth debicki,aksel hennie,horror science fiction thriller,the cloverfield paradox,,gugu mbatha-raw elizabeth debicki aksel hennie julius onah horror science fiction thriller
bryan coyne,brea grant,graham skipper,aly fitzgerald,comedy,bad apples,,brea grant graham skipper aly fitzgerald bryan coyne comedy
will gluck,rose byrne,domhnall gleeson,sam neill,animation adventure family,peter rabbit,,rose byrne domhnall gleeson sam neill will gluck animation adventure family
james foley,dakota johnson,jamie dornan,eric johnson,drama romance,fifty shades freed,,dakota johnson jamie dornan eric johnson james foley drama romance
clint eastwood,anthony sadler,alek skarlatos,spencer stone,drama thriller,the 15:17 to paris,,anthony sadler alek skarlatos spencer stone clint eastwood drama thriller
brian crano,rebecca hall,dan stevens,gina gershon,comedy romance drama,permission,,rebecca hall dan stevens gina gershon brian crano comedy romance drama
alex ross perry,emily browning,adam horowitz,mary-louise parker,drama,golden exits,,emily browning adam horowitz mary-louise parker alex ross perry drama
"ryan coogler (director/​screenplay); joe robert cole (screenplay); chadwick boseman, michael b. jordan, lupita nyong'o, danai gurira, martin freeman, daniel kaluuya, letitia wright, winston duke, sterling k. brown, angela bassett, forest whitaker, andy serkis",chadwick boseman,michael b. jordan,lupita nyong'o,action adventure science fiction,black panther,,"chadwick boseman michael b. jordan lupita nyong'o ryan coogler (director/​screenplay); joe robert cole (screenplay); chadwick boseman, michael b. jordan, lupita nyong'o, danai gurira, martin freeman, daniel kaluuya, letitia wright, winston duke, sterling k. brown, angela bassett, forest whitaker, andy serkis action adventure science fiction"
mark pellington,jon hamm,catherine keener,john ortiz,drama,nostalgia,,jon hamm catherine keener john ortiz mark pellington drama
bruce macdonald,taylor james,jackson rathbone,billy zane,action drama adventure,samson,,taylor james jackson rathbone billy zane bruce macdonald action drama adventure
"john francis daley, jonathan goldstein",jason bateman,rachel mcadams,billy magnussen,mystery comedy crime,game night,,"jason bateman rachel mcadams billy magnussen john francis daley, jonathan goldstein mystery comedy crime"
alex garland,natalie portman,jennifer jason leigh,gina rodriguez,science fiction horror,annihilation,,natalie portman jennifer jason leigh gina rodriguez alex garland science fiction horror
michael sucsy,angourie rice,justice smith,debby ryan,romance fantasy,every day,,angourie rice justice smith debby ryan michael sucsy romance fantasy
david freyne,ellen page,sam keeley,tom vaughan-lawlor,horror drama science fiction,the cured,,ellen page sam keeley tom vaughan-lawlor david freyne horror drama science fiction
francis lawrence,jennifer lawrence,joel edgerton,matthias schoenaerts,thriller mystery,red sparrow,,jennifer lawrence joel edgerton matthias schoenaerts francis lawrence thriller mystery
eli roth,bruce willis,vincent d'onofrio,elisabeth shue,action crime thriller,death wish,,bruce willis vincent d'onofrio elisabeth shue eli roth action crime thriller
shawn christensen,logan lerman,elle fanning,michelle monaghan,drama mystery romance,the vanishing of sidney hall,,logan lerman elle fanning michelle monaghan shawn christensen drama mystery romance
usher morgan,elyse price,katie vincent,joel bernard,thriller action crime drama mystery,pickings,,elyse price katie vincent joel bernard usher morgan thriller action crime drama mystery
ava duvernay,storm reid,oprah winfrey,reese witherspoon,adventure science fiction family fantasy,a wrinkle in time,,storm reid oprah winfrey reese witherspoon ava duvernay adventure science fiction family fantasy
nash edgerton,david oyelowo,charlize theron,joel edgerton,comedy action crime,gringo,,david oyelowo charlize theron joel edgerton nash edgerton comedy action crime
cory finley,olivia cooke,anya taylor-joy,anton yelchin,drama thriller,thoroughbreds,,olivia cooke anya taylor-joy anton yelchin cory finley drama thriller
johannes roberts,christina hendricks,martin henderson,bailee madison,horror thriller,the strangers: prey at night,,christina hendricks martin henderson bailee madison johannes roberts horror thriller
rob cohen,toby kebbell,maggie grace,ryan kwanten,action adventure crime thriller,the hurricane heist,,toby kebbell maggie grace ryan kwanten rob cohen action adventure crime thriller
roar uthaug,alicia vikander,dominic west,walton goggins,action adventure fantasy,tomb raider,,alicia vikander dominic west walton goggins roar uthaug action adventure fantasy
greg berlanti,nick robinson,josh duhamel,jennifer garner,comedy drama romance,"love, simon",,nick robinson josh duhamel jennifer garner greg berlanti comedy drama romance
erwin brothers,j. michael finley,madeline carroll,trace adkins,music drama,i can only imagine,,j. michael finley madeline carroll trace adkins erwin brothers music drama
josé padilha,rosamund pike,daniel brühl,eddie marsan,thriller drama crime,entebbe,,rosamund pike daniel brühl eddie marsan josé padilha thriller drama crime
laurie collyer,tessa thompson,melissa leo,whoopi goldberg,comedy,furlough,,tessa thompson melissa leo whoopi goldberg laurie collyer comedy
eric england,sophie turner,dylan mcdermott,jack kilmer,thriller drama,josie,,sophie turner dylan mcdermott jack kilmer eric england thriller drama
max winkler,zoey deutch,kathryn hahn,tim heidecker,comedy drama,flower,,zoey deutch kathryn hahn tim heidecker max winkler comedy drama
steven s. deknight,john boyega,scott eastwood,jing tian,action fantasy science fiction adventure,pacific rim uprising,,john boyega scott eastwood jing tian steven s. deknight action fantasy science fiction adventure
wes anderson,bryan cranston,koyu rankin,edward norton,adventure comedy animation,isle of dogs,,bryan cranston koyu rankin edward norton wes anderson adventure comedy animation
john stevenson,james mcavoy,emily blunt,chiwetel ejiofor,animation family fantasy comedy adventure mystery,sherlock gnomes,,james mcavoy emily blunt chiwetel ejiofor john stevenson animation family fantasy comedy adventure mystery
steven soderbergh,claire foy,joshua leonard,jay pharoah,horror thriller,unsane,,claire foy joshua leonard jay pharoah steven soderbergh horror thriller
andrew hyatt,jim caviezel,olivier martinez,james faulkner,drama,"paul, apostle of christ",,jim caviezel olivier martinez james faulkner andrew hyatt drama
stanley tucci,geoffrey rush,armie hammer,clémence poésy,history drama,final portrait,,geoffrey rush armie hammer clémence poésy stanley tucci history drama
scott speer,bella thorne,patrick schwarzenegger,rob riggle,romance drama,midnight sun,,bella thorne patrick schwarzenegger rob riggle scott speer romance drama
steven spielberg,tye sheridan,olivia cooke,ben mendelsohn,adventure action science fiction,ready player one,,tye sheridan olivia cooke ben mendelsohn steven spielberg adventure action science fiction
tyler perry,taraji p. henson,lyriq bent,crystle stewart,drama thriller,acrimony,,taraji p. henson lyriq bent crystle stewart tyler perry drama thriller
michael mason,david a. r. white,john corbett,shane harper,drama,god's not dead: a light in darkness,,david a. r. white john corbett shane harper michael mason drama
aaron katz,lola kirke,zoë kravitz,greta lee,mystery crime drama thriller,gemini,,lola kirke zoë kravitz greta lee aaron katz mystery crime drama thriller
adam rifkin,burt reynolds,ariel winter,clark duke,drama,the last movie star,,burt reynolds ariel winter clark duke adam rifkin drama
john krasinski,emily blunt,john krasinski,millicent simmonds,horror drama science fiction,a quiet place,,emily blunt john krasinski millicent simmonds john krasinski horror drama science fiction
kay cannon,leslie mann,ike barinholtz,john cena,comedy,blockers,,leslie mann ike barinholtz john cena kay cannon comedy
lynne ramsay,joaquin phoenix,judith roberts,ekaterina samsonov,crime drama thriller,you were never really here,,joaquin phoenix judith roberts ekaterina samsonov lynne ramsay crime drama thriller
john curran,jason clarke,kate mara,ed helms,history drama thriller,chappaquiddick,,jason clarke kate mara ed helms john curran history drama thriller
sean mcnamara,erin moriarty,helen hunt,william hurt,drama,the miracle season,,erin moriarty helen hunt william hurt sean mcnamara drama
barry levinson,al pacino,riley keough,kathy baker,drama tv movie,paterno,,al pacino riley keough kathy baker barry levinson drama tv movie
brad anderson,jon hamm,rosamund pike,dean norris,action thriller drama,beirut,,jon hamm rosamund pike dean norris brad anderson action thriller drama
brad peyton,dwayne johnson,naomie harris,malin åkerman,action adventure science fiction,rampage,,dwayne johnson naomie harris malin åkerman brad peyton action adventure science fiction
jeff wadlow,lucy hale,tyler posey,violett beane,thriller horror,truth or dare,,lucy hale tyler posey violett beane jeff wadlow thriller horror
chloé zhao,brady jandreau,lilly jandreau,tim jandreau,drama western,the rider,,brady jandreau lilly jandreau tim jandreau chloé zhao drama western
richard lanni,logan lerman,helena bonham carter,gérard depardieu,animation adventure family history war,sgt. stubby: an american hero,,logan lerman helena bonham carter gérard depardieu richard lanni animation adventure family history war
emilio insolera,emilio insolera,carola insolera,ben bahan,science fiction adventure,sign gene,,emilio insolera carola insolera ben bahan emilio insolera science fiction adventure
"abby kohn, marc silverstein",amy schumer,michelle williams,rory scovel,comedy romance,i feel pretty,,"amy schumer michelle williams rory scovel abby kohn, marc silverstein comedy romance"
jay chandrasekhar,jay chandrasekhar,kevin heffernan,steve lemme,comedy crime mystery,super troopers 2,,jay chandrasekhar kevin heffernan steve lemme jay chandrasekhar comedy crime mystery
deon taylor,paula patton,omar epps,laz alonso,horror thriller,traffik,,paula patton omar epps laz alonso deon taylor horror thriller
peter livolsi,ellen burstyn,nick offerman,asa butterfield,drama comedy,the house of tomorrow,,ellen burstyn nick offerman asa butterfield peter livolsi drama comedy
russo brothers,robert downey jr.,chris hemsworth,mark ruffalo,adventure action science fiction,avengers: infinity war,,robert downey jr. chris hemsworth mark ruffalo russo brothers adventure action science fiction
sebastián lelio,rachel weisz,rachel mcadams,alessandro nivola,drama romance,disobedience,,rachel weisz rachel mcadams alessandro nivola sebastián lelio drama romance
per fly,theo james,ben kingsley,belçim bilgin,thriller drama history,backstabbing for beginners,,theo james ben kingsley belçim bilgin per fly thriller drama history
rob greenberg,eugenio derbez,anna faris,eva longoria,romance comedy,overboard,,eugenio derbez anna faris eva longoria rob greenberg romance comedy
jason reitman,charlize theron,mackenzie davis,ron livingston,comedy drama,tully,,charlize theron mackenzie davis ron livingston jason reitman comedy drama
dean devlin,david tennant,robert sheehan,carlito olivero,thriller crime horror,bad samaritan,,david tennant robert sheehan carlito olivero dean devlin thriller crime horror
bobby miller,johnny galecki,anna friel,oliver platt,drama comedy fantasy horror,the cleanse,,johnny galecki anna friel oliver platt bobby miller drama comedy fantasy horror
ben falcone,melissa mccarthy,gillian jacobs,maya rudolph,comedy,life of the party,,melissa mccarthy gillian jacobs maya rudolph ben falcone comedy
james mcteigue,gabrielle union,billy burke,richard cabral,action comedy,breaking in,,gabrielle union billy burke richard cabral james mcteigue action comedy
michael mayer,annette bening,saoirse ronan,corey stoll,drama romance comedy,the seagull,,annette bening saoirse ronan corey stoll michael mayer drama romance comedy
vaughn stein,margot robbie,simon pegg,dexter fletcher,crime drama thriller,terminal,,margot robbie simon pegg dexter fletcher vaughn stein crime drama thriller
david leitch,ryan reynolds,josh brolin,morena baccarin,action comedy adventure,deadpool 2,,ryan reynolds josh brolin morena baccarin david leitch action comedy adventure
bill holderman,diane keaton,jane fonda,candice bergen,horror thriller,book club,,diane keaton jane fonda candice bergen bill holderman horror thriller
paul schrader,ethan hawke,amanda seyfried,cedric the entertainer,drama,first reformed,,ethan hawke amanda seyfried cedric the entertainer paul schrader drama
raja gosnell,will arnett,ludacris,natasha lyonne,adventure crime family comedy,show dogs,,will arnett ludacris natasha lyonne raja gosnell adventure crime family comedy
ramin bahrani,michael b. jordan,michael shannon,sofia boutella,drama science fiction,fahrenheit 451,,michael b. jordan michael shannon sofia boutella ramin bahrani drama science fiction
ron howard,alden ehrenreich,woody harrelson,emilia clarke,science fiction adventure action,solo: a star wars story,,alden ehrenreich woody harrelson emilia clarke ron howard science fiction adventure action
john cameron mitchell,elle fanning,alex sharp,nicole kidman,comedy music romance science fiction,how to talk to girls at parties,,elle fanning alex sharp nicole kidman john cameron mitchell comedy music romance science fiction
anthony byrne,natalie dormer,ed skrein,emily ratajkowski,thriller mystery,in darkness,,natalie dormer ed skrein emily ratajkowski anthony byrne thriller mystery
james franco,james franco,suki waterhouse,jeffrey wahlberg,science fiction,future world,,james franco suki waterhouse jeffrey wahlberg james franco science fiction
jennifer fox,laura dern,ellen burstyn,jason ritter,drama mystery,the tale,,laura dern ellen burstyn jason ritter jennifer fox drama mystery
leigh whannell,logan marshall-green,betty gabriel,harrison gilbertson,action thriller science fiction,upgrade,,logan marshall-green betty gabriel harrison gilbertson leigh whannell action thriller science fiction
bart layton,evan peters,barry keoghan,blake jenner,drama crime documentary,american animals,,evan peters barry keoghan blake jenner bart layton drama crime documentary
theresa bennett,noël wells,josh radnor,aya cash,comedy romance,social animals,,noël wells josh radnor aya cash theresa bennett comedy romance
gary ross,sandra bullock,cate blanchett,anne hathaway,crime comedy action,ocean's 8,,sandra bullock cate blanchett anne hathaway gary ross crime comedy action
morgan neville,morgan neville (director); fred rogers,françois clemmons,yo-yo ma,documentary,won't you be my neighbor?,,morgan neville (director); fred rogers françois clemmons yo-yo ma morgan neville documentary
ari aster,toni collette,alex wolff,milly shapiro,horror mystery thriller,hereditary,,toni collette alex wolff milly shapiro ari aster horror mystery thriller
drew pearce,jodie foster,sterling k. brown,sofia boutella,thriller science fiction action,hotel artemis,,jodie foster sterling k. brown sofia boutella drew pearce thriller science fiction action
director x,trevor jackson,jason mitchell,michael k. williams,action crime,superfly,,trevor jackson jason mitchell michael k. williams director x action crime
brad bird,craig t. nelson,holly hunter,sarah vowell,action adventure animation family,incredibles 2,,craig t. nelson holly hunter sarah vowell brad bird action adventure animation family
jeff tomsic,ed helms,jake johnson,annabelle wallis,comedy action,tag,,ed helms jake johnson annabelle wallis jeff tomsic comedy action
kevin connolly,john travolta,spencer lofranco,pruitt taylor vince,crime drama history thriller,gotti,,john travolta spencer lofranco pruitt taylor vince kevin connolly crime drama history thriller
j. a. bayona,chris pratt,bryce dallas howard,rafe spall,action adventure science fiction thriller,jurassic world: fallen kingdom,,chris pratt bryce dallas howard rafe spall j. a. bayona action adventure science fiction thriller
shana feste,vera farmiga,christopher plummer,lewis macdougall,comedy drama,boundaries,,vera farmiga christopher plummer lewis macdougall shana feste comedy drama
mike p. nelson,tyler hoechlin,kate bosworth,lance reddick,thriller horror,the domestics,,tyler hoechlin kate bosworth lance reddick mike p. nelson thriller horror
stefano sollima,benicio del toro,josh brolin,isabela merced,action crime thriller,sicario: day of the soldado,,benicio del toro josh brolin isabela merced stefano sollima action crime thriller
debra granik,ben foster,thomasin mckenzie,jeff kober,drama,leave no trace,,ben foster thomasin mckenzie jeff kober debra granik drama
matt sivertson,caroline amiguet,sara wolfkind,michael christopher shantz,drama,love all you have left,,caroline amiguet sara wolfkind michael christopher shantz matt sivertson drama
charles stone iii,kyrie irving,lil rel howery,shaquille o'neal,comedy,uncle drew,,kyrie irving lil rel howery shaquille o'neal charles stone iii comedy
susanna white,jessica chastain,michael greyeyes,chaske spencer,drama history western,woman walks ahead,,jessica chastain michael greyeyes chaske spencer susanna white drama history western
richie moore,russell geoffrey banks,sara malakul lane,margaret roche,horror tv movie,who's watching oliver,,russell geoffrey banks sara malakul lane margaret roche richie moore horror tv movie
gerard mcmurray,y'lan noel,lex scott davis,joivan wade,action horror thriller,the first purge,,y'lan noel lex scott davis joivan wade gerard mcmurray action horror thriller
peyton reed,paul rudd,evangeline lilly,michael peña,action adventure science fiction,ant-man and the wasp,,paul rudd evangeline lilly michael peña peyton reed action adventure science fiction
boots riley,lakeith stanfield,tessa thompson,jermaine fowler,fantasy science fiction comedy,sorry to bother you,,lakeith stanfield tessa thompson jermaine fowler boots riley fantasy science fiction comedy
"genndy tartakovsky (director/screenplay[119]); michael mccullers (screenplay); adam sandler, andy samberg, selena gomez, kevin james, david spade, steve buscemi, keegan-michael key, molly shannon, fran drescher, kathryn hahn, jim gaffigan, mel brooks",adam sandler,andy samberg,selena gomez,animation comedy family fantasy,hotel transylvania 3: summer vacation,,"adam sandler andy samberg selena gomez genndy tartakovsky (director/screenplay[119]); michael mccullers (screenplay); adam sandler, andy samberg, selena gomez, kevin james, david spade, steve buscemi, keegan-michael key, molly shannon, fran drescher, kathryn hahn, jim gaffigan, mel brooks animation comedy family fantasy"
rawson marshall thurber,dwayne johnson,neve campbell,chin han,action thriller adventure,skyscraper,,dwayne johnson neve campbell chin han rawson marshall thurber action thriller adventure
bo burnham,elsie fisher,josh hamilton,emily robinson,comedy drama,eighth grade,,elsie fisher josh hamilton emily robinson bo burnham comedy drama
gus van sant,joaquin phoenix,jonah hill,rooney mara,comedy drama,"don't worry, he won't get far on foot",,joaquin phoenix jonah hill rooney mara gus van sant comedy drama
rob reiner,woody harrelson,james marsden,rob reiner,history drama thriller,shock and awe,,woody harrelson james marsden rob reiner rob reiner history drama thriller
ol parker,christine baranski,pierce brosnan,dominic cooper,comedy romance,mamma mia! here we go again,,christine baranski pierce brosnan dominic cooper ol parker comedy romance
antoine fuqua,denzel washington,pedro pascal,ashton sanders,action thriller crime,the equalizer 2,,denzel washington pedro pascal ashton sanders antoine fuqua action thriller crime
carlos lópez estrada,daveed diggs,rafael casal,janina gavankar,comedy crime drama,blindspotting,,daveed diggs rafael casal janina gavankar carlos lópez estrada comedy crime drama
stephen susco,colin woodell,rebecca rittenhouse,betty gabriel,horror thriller mystery,unfriended: dark web,,colin woodell rebecca rittenhouse betty gabriel stephen susco horror thriller mystery
christopher mcquarrie,tom cruise,henry cavill,ving rhames,action adventure,mission: impossible – fallout,,tom cruise henry cavill ving rhames christopher mcquarrie action adventure
peter rida michail,greg cipes,scott menville,khary payton,animation action comedy science fiction,teen titans go! to the movies,,greg cipes scott menville khary payton peter rida michail animation action comedy science fiction
elijah bynum,timothée chalamet,maika monroe,alex roe,drama crime,hot summer nights,,timothée chalamet maika monroe alex roe elijah bynum drama crime
marc turtletaub,kelly macdonald,irrfan khan,david denman,drama,puzzle,,kelly macdonald irrfan khan david denman marc turtletaub drama
ben young,michael peña,lizzy caplan,mike colter,action drama science fiction thriller,extinction,,michael peña lizzy caplan mike colter ben young action drama science fiction thriller
marc forster,ewan mcgregor,hayley atwell,jim cummings,adventure comedy family fantasy,christopher robin,,ewan mcgregor hayley atwell jim cummings marc forster adventure comedy family fantasy
jennifer yuh nelson,amandla stenberg,harris dickinson,mandy moore,action adventure drama,the darkest minds,,amandla stenberg harris dickinson mandy moore jennifer yuh nelson action adventure drama
susanna fogel,mila kunis,kate mckinnon,justin theroux,comedy action adventure,the spy who dumped me,,mila kunis kate mckinnon justin theroux susanna fogel comedy action adventure
desiree akhavan,chloë grace moretz,john gallagher jr.,sasha lane,drama,the miseducation of cameron post,,chloë grace moretz john gallagher jr. sasha lane desiree akhavan drama
ken marino,nina dobrev,vanessa hudgens,adam pally,romance comedy,dog days,,nina dobrev vanessa hudgens adam pally ken marino romance comedy
jon turteltaub,jason statham,li bingbing,rainn wilson,action science fiction horror,the meg,,jason statham li bingbing rainn wilson jon turteltaub action science fiction horror
spike lee,john david washington,adam driver,laura harrier,crime comedy drama,blackkklansman,,john david washington adam driver laura harrier spike lee crime comedy drama
sylvain white,julia goldani telles,joey king,jaz sinclair,horror mystery thriller,slender man,,julia goldani telles joey king jaz sinclair sylvain white horror mystery thriller
sebastian gutierrez,abbey lee,matthew beard,carla gugino,science fiction thriller horror mystery,elizabeth harvest,,abbey lee matthew beard carla gugino sebastian gutierrez science fiction thriller horror mystery
jon m. chu,constance wu,henry golding,gemma chan,comedy romance,crazy rich asians,,constance wu henry golding gemma chan jon m. chu comedy romance
peter berg,mark wahlberg,iko uwais,john malkovich,action thriller,mile 22,,mark wahlberg iko uwais john malkovich peter berg action thriller
björn runge,glenn close,jonathan pryce,christian slater,drama,the wife,,glenn close jonathan pryce christian slater björn runge drama
james cox,ansel elgort,taron egerton,emma roberts,drama,billionaire boys club,,ansel elgort taron egerton emma roberts james cox drama
jesse peretz,rose byrne,ethan hawke,chris o'dowd,comedy drama romance,"juliet, naked",,rose byrne ethan hawke chris o'dowd jesse peretz comedy drama romance
rodrigo cortés,annasophia robb,isabelle fuhrman,victoria moroles,horror mystery thriller fantasy drama,down a dark hall,,annasophia robb isabelle fuhrman victoria moroles rodrigo cortés horror mystery thriller fantasy drama
susan johnson,lana condor,noah centineo,janel parrish,comedy romance,to all the boys i've loved before,,lana condor noah centineo janel parrish susan johnson comedy romance
brian henson,melissa mccarthy,bill barretta,joel mchale,action comedy crime,the happytime murders,,melissa mccarthy bill barretta joel mchale brian henson action comedy crime
michael noer,charlie hunnam,rami malek,roland møller,crime drama,papillon,,charlie hunnam rami malek roland møller michael noer crime drama
oliver daly,alex neustaedter,becky g,alex macnicoll,science fiction action adventure family,a.x.l.,,alex neustaedter becky g alex macnicoll oliver daly science fiction action adventure family
chris weitz,oscar isaac,ben kingsley,mélanie laurent,drama history thriller,operation finale,,oscar isaac ben kingsley mélanie laurent chris weitz drama history thriller
"jonathan baker, josh baker",myles truitt,jack reynor,zoë kravitz,thriller drama,kin,,"myles truitt jack reynor zoë kravitz jonathan baker, josh baker thriller drama"
brian a. miller,bruce willis,frank grillo,johnathon schaech,action adventure thriller,reprisal,,bruce willis frank grillo johnathon schaech brian a. miller action adventure thriller
corin hardy,demián bichir,taissa farmiga,jonas bloquet,horror,the nun,,demián bichir taissa farmiga jonas bloquet corin hardy horror
pierre morel,jennifer garner,john ortiz,john gallagher jr.,action thriller,peppermint,,jennifer garner john ortiz john gallagher jr. pierre morel action thriller
shane black,boyd holbrook,trevante rhodes,jacob tremblay,science fiction action adventure,the predator,,boyd holbrook trevante rhodes jacob tremblay shane black science fiction action adventure
yann demange,matthew mcconaughey,richie merritt,bel powley,crime drama,white boy rick,,matthew mcconaughey richie merritt bel powley yann demange crime drama
paul feig,anna kendrick,blake lively,henry golding,crime thriller comedy,a simple favor,,anna kendrick blake lively henry golding paul feig crime thriller comedy
richard eyre,emma thompson,stanley tucci,fionn whitehead,drama,the children act,,emma thompson stanley tucci fionn whitehead richard eyre drama
craig william macneill,chloë sevigny,kristen stewart,jay huguley,crime drama thriller,lizzie,,chloë sevigny kristen stewart jay huguley craig william macneill crime drama thriller
harold cronk,samuel hunt,merritt patterson,vanessa bell calloway,drama,unbroken: path to redemption,,samuel hunt merritt patterson vanessa bell calloway harold cronk drama
stephen cognetti,vasile flutur,jillian geurts,joy shatz,horror mystery,hell house llc ii: the abaddon hotel,,vasile flutur jillian geurts joy shatz stephen cognetti horror mystery
eli roth,jack black,cate blanchett,owen vaccaro,fantasy family comedy,the house with a clock in its walls,,jack black cate blanchett owen vaccaro eli roth fantasy family comedy
dan fogelman,oscar isaac,olivia wilde,mandy patinkin,drama romance,life itself,,oscar isaac olivia wilde mandy patinkin dan fogelman drama romance
jacques audiard,john c. reilly,joaquin phoenix,jake gyllenhaal,western drama comedy,the sisters brothers,,john c. reilly joaquin phoenix jake gyllenhaal jacques audiard western drama comedy
sam levinson,odessa young,suki waterhouse,hari nef,thriller horror comedy,assassination nation,,odessa young suki waterhouse hari nef sam levinson thriller horror comedy
donald petrie,emma roberts,hayden christensen,alyssa milano,comedy romance,little italy,,emma roberts hayden christensen alyssa milano donald petrie comedy romance
wash westmoreland,keira knightley,dominic west,eleanor tomlinson,drama history romance,colette,,keira knightley dominic west eleanor tomlinson wash westmoreland drama history romance
lisa d'apolito,lisa d'apolito (director); gilda radner,amy poehler,melissa mccarthy,documentary,"love, gilda",,lisa d'apolito (director); gilda radner amy poehler melissa mccarthy lisa d'apolito documentary
karey kirkpatrick,channing tatum,james corden,zendaya,family animation adventure fantasy comedy,smallfoot,,channing tatum james corden zendaya karey kirkpatrick family animation adventure fantasy comedy
"malcolm d. lee (director[177]); kevin hart, harry ratchford, joey wells, matt kellard, nicholas stoller,[178] john hamburg (screenplay); kevin hart, tiffany haddish, rob riggle, romany malco",kevin hart,tiffany haddish,rob riggle,comedy,night school,,"kevin hart tiffany haddish rob riggle malcolm d. lee (director[177]); kevin hart, harry ratchford, joey wells, matt kellard, nicholas stoller,[178] john hamburg (screenplay); kevin hart, tiffany haddish, rob riggle, romany malco comedy"
david lowery,robert redford,casey affleck,danny glover,comedy crime drama,the old man & the gun,,robert redford casey affleck danny glover david lowery comedy crime drama
gregory plotkin,amy forsyth,reign edwards,bex taylor-klaus,horror thriller,hell fest,,amy forsyth reign edwards bex taylor-klaus gregory plotkin horror thriller
ruben fleischer,tom hardy,michelle williams,riz ahmed,science fiction action,venom,,tom hardy michelle williams riz ahmed ruben fleischer science fiction action
bradley cooper,bradley cooper,lady gaga,andrew dice clay,music drama romance,a star is born,,bradley cooper lady gaga andrew dice clay bradley cooper music drama romance
damien chazelle,ryan gosling,claire foy,jason clarke,history drama,first man,,ryan gosling claire foy jason clarke damien chazelle history drama
drew goddard,jeff bridges,cynthia erivo,dakota johnson,thriller mystery crime drama,bad times at the el royale,,jeff bridges cynthia erivo dakota johnson drew goddard thriller mystery crime drama
ari sandel,wendi mclendon-covey,madison iseman,jeremy ray taylor,comedy fantasy horror,goosebumps 2: haunted halloween,,wendi mclendon-covey madison iseman jeremy ray taylor ari sandel comedy fantasy horror
felix van groeningen,steve carell,timothée chalamet,maura tierney,drama,beautiful boy,,steve carell timothée chalamet maura tierney felix van groeningen drama
ike barinholtz,ike barinholtz,tiffany haddish,nora dunn,comedy thriller,the oath,,ike barinholtz tiffany haddish nora dunn ike barinholtz comedy thriller
nick searcy,earl billings,dean cain,sarah jane morris,drama crime,gosnell: the trial of america's biggest serial killer,,earl billings dean cain sarah jane morris nick searcy drama crime
"hannah marks, joey power (directors/screenplay), jeremy allen white, maika monroe, deron horton, sasha lane, dean winters, joe keery, gina gershon, marisa tomei",hannah marks,joey power (directors/screenplay),jeremy allen white,romance drama,after everything,,"hannah marks joey power (directors/screenplay) jeremy allen white hannah marks, joey power (directors/screenplay), jeremy allen white, maika monroe, deron horton, sasha lane, dean winters, joe keery, gina gershon, marisa tomei romance drama"
david gordon green,jamie lee curtis,judy greer,andi matichak,horror thriller,halloween,,jamie lee curtis judy greer andi matichak david gordon green horror thriller
george tillman jr.,amandla stenberg,regina hall,russell hornsby,crime drama,the hate u give,,amandla stenberg regina hall russell hornsby george tillman jr. crime drama
jonah hill,sunny suljic,lucas hedges,na-kel smith,drama comedy,mid90s,,sunny suljic lucas hedges na-kel smith jonah hill drama comedy
paul dano,carey mulligan,jake gyllenhaal,ed oxenbould,drama,wildlife,,carey mulligan jake gyllenhaal ed oxenbould paul dano drama
elizabeth chomko,hilary swank,michael shannon,robert forster,drama,what they had,,hilary swank michael shannon robert forster elizabeth chomko drama
sacha gervasi,peter dinklage,jamie dornan,andy garcía,drama tv movie,my dinner with hervé,,peter dinklage jamie dornan andy garcía sacha gervasi drama tv movie
donovan marsh,gerard butler,gary oldman,common,action adventure thriller,hunter killer,,gerard butler gary oldman common donovan marsh action adventure thriller
david kerr,rowan atkinson,ben miller,olga kurylenko,action adventure comedy,johnny english strikes again,,rowan atkinson ben miller olga kurylenko david kerr action adventure comedy
luca guadagnino,dakota johnson,tilda swinton,mia goth,horror,suspiria,,dakota johnson tilda swinton mia goth luca guadagnino horror
david g. evans,sarah drew,justin bruening,eddie kaulukukui,drama war,indivisible,,sarah drew justin bruening eddie kaulukukui david g. evans drama war
david mccracken,mike c. nelson,jenni melear,david mccracken,action drama thriller,bullitt county,,mike c. nelson jenni melear david mccracken david mccracken action drama thriller
bryan singer[a],rami malek,lucy boynton,gwilym lee,music drama,bohemian rhapsody,,rami malek lucy boynton gwilym lee bryan singer[a] music drama
"lasse hallström, joe johnston",keira knightley,mackenzie foy,eugenio derbez,fantasy adventure family,the nutcracker and the four realms,,"keira knightley mackenzie foy eugenio derbez lasse hallström, joe johnston fantasy adventure family"
tyler perry,tiffany haddish,tika sumpter,omari hardwick,drama comedy,nobody's fool,,tiffany haddish tika sumpter omari hardwick tyler perry drama comedy
joel edgerton,lucas hedges,nicole kidman,joel edgerton,drama,boy erased,,lucas hedges nicole kidman joel edgerton joel edgerton drama
orson welles,john huston,oja kodar,peter bogdanovich,drama,the other side of the wind,,john huston oja kodar peter bogdanovich orson welles drama
matthew heineman,rosamund pike,jamie dornan,tom hollander,drama war,a private war,,rosamund pike jamie dornan tom hollander matthew heineman drama war
"zeek earl, chris caldwell",pedro pascal,sophie thatcher,jay duplass,science fiction,prospect,,"pedro pascal sophie thatcher jay duplass zeek earl, chris caldwell science fiction"
joseph kahn,calum worthy,jackie long,rory uphold,drama comedy music,bodied,,calum worthy jackie long rory uphold joseph kahn drama comedy music
jason reitman,hugh jackman,vera farmiga,j. k. simmons,drama history,the front runner,,hugh jackman vera farmiga j. k. simmons jason reitman drama history
"scott mosier, yarrow cheney",benedict cumberbatch,rashida jones,kenan thompson,animation family comedy fantasy,the grinch,,"benedict cumberbatch rashida jones kenan thompson scott mosier, yarrow cheney animation family comedy fantasy"
fede álvarez,claire foy,sverrir gudnason,lakeith stanfield,action crime thriller,the girl in the spider's web,,claire foy sverrir gudnason lakeith stanfield fede álvarez action crime thriller
julius avery,jovan adepo,wyatt russell,mathilde ollivier,horror war science fiction,overlord,,jovan adepo wyatt russell mathilde ollivier julius avery horror war science fiction
"coen brothers (directors/screenplay); tyne daly, james franco, brendan gleeson, bill heck, grainger hines, zoe kazan, harry melling, liam neeson, tim blake nelson, jonjo o'neill, chelcie ross, saul rubinek, tom waits",tyne daly,james franco,brendan gleeson,western comedy drama,the ballad of buster scruggs,,"tyne daly james franco brendan gleeson coen brothers (directors/screenplay); tyne daly, james franco, brendan gleeson, bill heck, grainger hines, zoe kazan, harry melling, liam neeson, tim blake nelson, jonjo o'neill, chelcie ross, saul rubinek, tom waits western comedy drama"
"daniel fabelo, matt hullum (directors/screenplay); burnie burns (screenplay); burnie burns, gavin free, michael jones, colton dunn, nichole sakura, allie deberry",burnie burns,gavin free,michael jones,science fiction action adventure comedy,lazer team 2,,"burnie burns gavin free michael jones daniel fabelo, matt hullum (directors/screenplay); burnie burns (screenplay); burnie burns, gavin free, michael jones, colton dunn, nichole sakura, allie deberry science fiction action adventure comedy"
david yates,eddie redmayne,katherine waterston,dan fogler,fantasy adventure,fantastic beasts: the crimes of grindelwald,,eddie redmayne katherine waterston dan fogler david yates fantasy adventure
steve mcqueen,viola davis,michelle rodriguez,elizabeth debicki,crime thriller,widows,,viola davis michelle rodriguez elizabeth debicki steve mcqueen crime thriller
peter farrelly,viggo mortensen,mahershala ali,linda cardellini,drama history,green book,,viggo mortensen mahershala ali linda cardellini peter farrelly drama history
sean anders,mark wahlberg,rose byrne,isabela merced,comedy drama,instant family,,mark wahlberg rose byrne isabela merced sean anders comedy drama
rich moore,rich moore (director); phil johnston (director/screenplay[220]); pamela ribon (screenplay[220]); john c. reilly,sarah silverman,gal gadot,family animation comedy adventure,ralph breaks the internet,,rich moore (director); phil johnston (director/screenplay[220]); pamela ribon (screenplay[220]); john c. reilly sarah silverman gal gadot rich moore family animation comedy adventure
steven caple jr.,michael b. jordan,sylvester stallone,tessa thompson,drama action,creed ii,,michael b. jordan sylvester stallone tessa thompson steven caple jr. drama action
otto bathurst,taron egerton,jamie foxx,ben mendelsohn,animation family adventure,robin hood,,taron egerton jamie foxx ben mendelsohn otto bathurst animation family adventure
alfonso cuarón,yalitza aparicio,marina de tavira,jorge antonio guerrero,drama,roma,,yalitza aparicio marina de tavira jorge antonio guerrero alfonso cuarón drama
yorgos lanthimos,olivia colman,emma stone,rachel weisz,drama comedy thriller history,the favourite,,olivia colman emma stone rachel weisz yorgos lanthimos drama comedy thriller history
andy serkis,christian bale,cate blanchett,benedict cumberbatch,adventure drama,mowgli: legend of the jungle,,christian bale cate blanchett benedict cumberbatch andy serkis adventure drama
diederik van rooijen,shay mitchell,grey damon,kirby johnson,horror drama,the possession of hannah grace,,shay mitchell grey damon kirby johnson diederik van rooijen horror drama
johan bodell,christopher lee page,caitlin crommett,erik kammerland,comedy tv movie,the cabin,,christopher lee page caitlin crommett erik kammerland johan bodell comedy tv movie
josie rourke,saoirse ronan,margot robbie,jack lowden,drama history,mary queen of scots,,saoirse ronan margot robbie jack lowden josie rourke drama history
peter hedges,julia roberts,lucas hedges,courtney b. vance,drama,ben is back,,julia roberts lucas hedges courtney b. vance peter hedges drama
"bob persichetti, peter ramsey, rodney rothman",shameik moore,jake johnson,hailee steinfeld,animation action adventure science fiction,spider-man: into the spider-verse,,"shameik moore jake johnson hailee steinfeld bob persichetti, peter ramsey, rodney rothman animation action adventure science fiction"
christian rivers,hera hilmar,robert sheehan,hugo weaving,adventure science fiction,mortal engines,,hera hilmar robert sheehan hugo weaving christian rivers adventure science fiction
clint eastwood,clint eastwood,bradley cooper,laurence fishburne,crime drama,the mule,,clint eastwood bradley cooper laurence fishburne clint eastwood crime drama
barry jenkins,kiki layne,stephan james,colman domingo,romance drama,if beale street could talk,,kiki layne stephan james colman domingo barry jenkins romance drama
rob marshall,emily blunt,lin-manuel miranda,ben whishaw,fantasy family comedy,mary poppins returns,,emily blunt lin-manuel miranda ben whishaw rob marshall fantasy family comedy
james wan,jason momoa,amber heard,willem dafoe,action adventure tv movie,aquaman,,jason momoa amber heard willem dafoe james wan action adventure tv movie
travis knight,hailee steinfeld,john cena,jorge lendeborg jr.,action adventure science fiction,bumblebee,,hailee steinfeld john cena jorge lendeborg jr. travis knight action adventure science fiction
robert zemeckis,steve carell,leslie mann,diane kruger,drama comedy,welcome to marwen,,steve carell leslie mann diane kruger robert zemeckis drama comedy
peter segal,jennifer lopez,leah remini,vanessa hudgens,romance comedy,second act,,jennifer lopez leah remini vanessa hudgens peter segal romance comedy
etan cohen,will ferrell,john c. reilly,rebecca hall,comedy mystery crime,holmes & watson,,will ferrell john c. reilly rebecca hall etan cohen comedy mystery crime
adam mckay,christian bale,amy adams,steve carell,comedy drama,vice,,christian bale amy adams steve carell adam mckay comedy drama
mimi leder,felicity jones,armie hammer,justin theroux,drama history,on the basis of sex,,felicity jones armie hammer justin theroux mimi leder drama history
karyn kusama,nicole kidman,sebastian stan,toby kebbell,horror thriller,destroyer,,nicole kidman sebastian stan toby kebbell karyn kusama horror thriller
